episode,total_reward,avg_reward_100,epsilon,episode_length,collisions
1,-31.298846994415733,-31.298846994415733,0.9994773333333333,21,1
2,-794.4081322401587,-412.8534896172872,0.9901216,379,34
3,-1503.4299068933567,-776.3789620426437,0.9869594666666667,500,20
4,-1063.6951299668583,-848.2080040236974,0.9869594666666667,500,39
5,-981.2534173259077,-874.8170866841394,0.9864106666666667,500,38
6,-1420.408955290056,-965.7490647851255,0.9770549333333334,500,34
7,-684.5175360672613,-925.5731321111449,0.9738928,500,28
8,-1102.9744850879058,-947.74830123324,0.9738928,500,37
9,-1347.213591927715,-992.1333335326261,0.973344,500,16
10,-853.1329051779072,-978.2332906971542,0.9639882666666667,500,14
11,-1122.0857720723345,-991.3107890039887,0.9608261333333333,500,38
12,-1632.0923679535674,-1044.7092539164537,0.9608261333333333,500,35
13,-203.48959255464146,-980.0000491963142,0.9605648,131,18
14,-2065.4268843474974,-1057.5305374213988,0.9602773333333333,500,28
15,-954.4335055339766,-1050.6574019622374,0.9477594666666667,500,34
16,-880.8908463832527,-1040.0469922385507,0.9477594666666667,500,32
17,-1194.4007812724121,-1049.1266268876013,0.9474981333333333,500,33
18,-1676.5428120319984,-1083.9830816178458,0.9472106666666666,500,30
19,-1.410334133911082,-1027.0055685923755,0.9468709333333334,13,0
20,-600.4748204182131,-1005.6790311836673,0.9392138666666666,327,20
21,-605.8862033025595,-986.6412774750431,0.9346928,500,26
22,-1883.5714404961914,-1027.4108303396408,0.9344314666666667,500,45
23,-1289.423534339107,-1038.8026870352699,0.9338042666666667,500,31
24,-180.94322183803598,-1003.0585426520516,0.9303024,158,5
25,-889.8318253110986,-998.5294739584136,0.9301194666666667,348,35
26,-15.273786627642252,-960.7119475226148,0.9292570666666666,40,0
27,-61.66137528938843,-927.4137781806435,0.9277674666666667,90,0
28,-581.5655799327765,-915.0620568146481,0.9256506666666666,312,23
29,45.25031238196907,-881.9478371871786,0.9245530666666667,42,0
30,-1808.9392728409457,-912.8475517089709,0.9216261333333333,500,92
31,-716.1820726419193,-906.5035039971306,0.9161904,500,31
32,-1054.7400830894287,-911.1358970937647,0.9147008,500,25
33,-446.83368467190354,-897.066133080981,0.9114864,500,19
34,-1707.8771634098287,-920.9135163259472,0.9085594666666666,500,78
35,-1096.1043299039347,-925.918968142461,0.9031237333333333,500,49
36,-19.12,-900.7301079162816,0.9030714666666667,2,0
37,-930.7684655792032,-901.5419554206849,0.9016341333333333,500,56
38,-13.814320376686506,-878.1807018668954,0.9014773333333334,6,1
39,-810.822625211543,-876.4535716962454,0.8984197333333334,500,39
40,-944.8667543913396,-878.1639012636227,0.8954928,500,13
41,-3.4052428328123945,-856.828324228725,0.8946565333333334,32,0
42,-121.56653805913977,-839.3220912246873,0.89024,169,0
43,-1286.9974893022652,-849.7331469939332,0.8900048,500,15
44,-1657.303874679808,-868.0870271686122,0.8884106666666667,500,40
45,-6.835737900679131,-848.9481096293247,0.8870778666666667,51,2
46,-1406.4423625705824,-861.0675499106563,0.8853530666666667,500,36
47,4.879171466524287,-842.6431515834822,0.8840202666666667,117,2
48,-517.0457667775206,-835.8598727333582,0.8771733333333334,500,17
49,-24.832290095800495,-819.3082894142243,0.8770165333333333,6,1
50,-1190.7133913021821,-826.7363914519835,0.8769381333333334,500,38
51,-27.05943153476771,-811.0564510614499,0.8758405333333333,45,3
52,-1003.358592297991,-814.7545691621526,0.8722864,500,47
53,-922.1241987169306,-816.780411229224,0.8709536,500,33
54,-13.910896220934962,-801.912457247589,0.8704832,18,0
55,-1069.6031934322455,-806.7795615418555,0.8638714666666667,500,44
56,-994.8877603733164,-810.1386365209886,0.8627738666666667,500,45
57,-55.73374392788487,-796.9034629667236,0.8625386666666667,51,3
58,-844.5697341734227,-797.7252952289081,0.8592197333333333,500,27
59,-933.4573864093913,-800.0258391472214,0.8574165333333333,500,31
60,-66.08361267766966,-787.7934687060622,0.8567109333333334,27,4
61,-498.55307178062503,-783.0518228548254,0.8520330666666667,275,24
62,-6.557952306926282,-770.5277281685691,0.8510661333333334,37,0
63,-443.2817299086796,-765.3333472438089,0.8505696,458,16
64,-19.12,-753.6737636931243,0.8505173333333333,2,0
65,-1874.1196116273811,-770.911392122882,0.8497072,500,69
66,-559.9766207713836,-767.7154107387685,0.8441408,244,35
67,-723.1557154038579,-767.050340659143,0.8436442666666667,500,29
68,-19.487649122254147,-756.0567716659534,0.8435658666666667,3,0
69,-521.5853036723952,-752.6586344486554,0.8410570666666667,331,31
70,-27.3097946358709,-742.2965081656156,0.8394106666666666,63,1
71,-79.05232773491365,-732.9550408356057,0.8381824,206,0
72,-1166.1343283290169,-738.9714198285699,0.8379994666666667,500,49
73,-1076.8285328461473,-743.5995994589478,0.8310741333333334,500,45
74,-633.5946720474254,-742.113046385819,0.826344,500,21
75,-4.608297238890344,-732.2796497305267,0.8257952,21,0
76,-744.7444909702954,-732.443660799471,0.8251157333333333,500,34
77,-26.614528769480238,-723.2770486951854,0.8251157333333333,26,2
78,-415.0836765301997,-719.3258516161471,0.8249328,500,24
79,-57.561529949081475,-710.9490880507412,0.8226330666666667,95,2
80,-789.0571512389114,-711.9254388405933,0.8180074666666667,500,47
81,-251.6745534434788,-706.2433291443327,0.8177984,185,9
82,-33.07901614681769,-698.034008254119,0.8171189333333333,26,0
83,12.404330136961455,-689.4745102012145,0.8166224,53,2
84,-471.75432004716635,-686.882603175571,0.814584,396,33
85,-1233.3673337289217,-693.3118352997282,0.8120490666666667,500,60
86,-19.161421356237312,-685.4728769980596,0.8119968,2,0
87,-9.425102214462576,-677.7022129200872,0.8113696,24,0
88,-38.95380887474829,-670.4437083286629,0.8079722666666667,130,2
89,-21.46723432928485,-663.1518378342879,0.8074234666666666,21,0
90,-974.6547750993343,-666.6129815816772,0.8040522666666667,500,51
91,-585.9344942788247,-665.7264047981294,0.8035557333333333,500,42
92,-1095.443008007907,-670.3972374417139,0.8015173333333333,500,72
93,-573.9749745039954,-669.3604389155018,0.7975450666666667,249,18
94,-1340.1695781376459,-676.4967063540354,0.7958202666666667,444,52
95,-13.95426406871193,-669.522575382611,0.7957418666666667,3,0
96,-335.10277471652046,-666.0390357923392,0.7951146666666666,245,21
97,-1240.426129818337,-671.9605522255969,0.7904890666666666,500,52
98,-4.620145606338765,-665.150956239686,0.7899141333333334,22,0
99,38.71001355558447,-658.0412494740772,0.7889472,37,0
100,42.93058838666674,-651.0315310954697,0.7862293333333333,104,0
101,-14.220000000000002,-650.8607426255256,0.7861770666666666,2,0
102,-536.6976898596994,-648.2836382017211,0.7844784,500,10
103,-777.6760803319801,-641.0260999361074,0.7831717333333333,481,49
104,-762.8501832406697,-638.0176504688454,0.782048,500,38
105,-264.99801561467353,-630.8550964517331,0.7813162666666666,186,15
106,-39.09547967353197,-617.0419616955679,0.7810026666666667,12,4
107,52.25048333822157,-609.6742815015131,0.7786506666666667,173,4
108,-5.9098484366283195,-598.7036351350002,0.7770042666666667,63,2
109,10.239332256504447,-585.1291058931581,0.7766384,14,0
110,-212.9512758312049,-578.7272895996911,0.7759589333333333,233,24
111,44.46680226368012,-567.0617638563309,0.7754362666666667,20,0
112,-113.41578292723437,-551.8749980060676,0.7751749333333333,356,7
113,-250.63967315213603,-552.3464988120426,0.7746784,242,5
114,-40.39132920003571,-532.0961432605679,0.7729274666666667,67,2
115,-33.18765385355102,-522.8836847437638,0.77264,97,5
116,-27.24199678034234,-514.3471962477346,0.7715685333333333,52,5
117,-0.09551933666381274,-502.40414362837714,0.7692165333333334,90,2
118,-672.4496647079285,-492.36321215513635,0.7685632,263,34
119,-4.84,-492.39750881379723,0.7684586666666666,4,0
120,-11.36665670974484,-486.5064271767125,0.7678576,52,1
121,18.316718549173753,-480.2643979581953,0.7661066666666667,67,2
122,-1085.283170205218,-472.28151525528557,0.7635717333333334,500,49
123,0.3248635627560965,-459.38403127626697,0.7625264,40,0
124,-852.363306472881,-466.0982321226154,0.7607232,456,54
125,-633.854786986899,-463.53846173937336,0.7553920000000001,500,39
126,-1028.8768953036358,-473.6744928261333,0.75304,500,51
127,-37.25535951583414,-473.4304326683977,0.7525434666666666,19,2
128,-21.60497090991113,-467.8308265781691,0.7522298666666667,12,1
129,-14.327338716549058,-468.4266030891542,0.7520992,5,0
130,-614.9473436111039,-456.4866837968558,0.7494597333333333,500,25
131,-38.70560132060049,-449.71191908364256,0.7489631999999999,19,1
132,-56.962693832218946,-439.7341451910706,0.7482576000000001,147,0
133,-553.798276097925,-440.80379110533084,0.7476565333333334,500,25
134,-65.50142641387397,-424.38003373537134,0.7442592,130,2
135,-14.107541319445676,-413.56006584952644,0.7437365333333333,20,0
136,-1765.8375143892943,-431.02724099341935,0.7423253333333333,500,103
137,-660.1630162797742,-428.32118650042503,0.7378304,399,32
138,-727.0388092030566,-435.4534313886888,0.7358965333333334,500,42
139,-74.20154030687478,-428.087220539642,0.7355045333333333,89,2
140,-45.08319348621019,-419.08938493059065,0.7347466666666667,29,4
141,-0.8919720098129318,-419.0642522223607,0.7344069333333334,13,0
142,-429.25238577597514,-422.141110699529,0.7343285333333334,360,24
143,-1163.7966222114178,-420.9091020286206,0.7292586666666667,500,66
144,-8.422270184444333,-404.420285983667,0.7285530666666666,27,3
145,-14.00502815398729,-404.4919788862,0.7284485333333333,4,0
146,-197.08549508258832,-392.39841021132014,0.7277690666666667,251,18
147,-954.7887751418334,-401.99508967740366,0.7228298666666666,500,60
148,-177.0812890815327,-398.5954449004439,0.7222288,238,7
149,-287.9056005229792,-401.2261780047157,0.7213402666666666,500,16
150,-13.95426406871193,-389.45858673238087,0.7212618666666667,3,0
151,-439.48918279089315,-393.58288424494225,0.7147024,500,31
152,-1097.5173071393117,-394.5244713933555,0.7136570666666666,328,58
153,-3.877707632240174,-385.3420064825085,0.7129776,66,1
154,-283.0158408238284,-388.03305592853735,0.7098677333333334,436,9
155,-209.4025360640474,-379.43104935485536,0.7097632,500,13
156,-19.161421356237312,-369.6737859646845,0.7097109333333333,2,0
157,57.80645692548556,-368.5383839561509,0.7082474666666667,62,0
158,-17.084453191566936,-360.2635311463323,0.7068624,53,4
159,-1329.0448032386782,-364.2194053146252,0.7009824,485,80
160,-742.0182095969778,-370.9787512838183,0.6999109333333333,500,31
161,-31.22944364631762,-366.3055150024752,0.699336,63,0
162,-133.44377528635388,-367.5743732322695,0.6977157333333334,350,9
163,-402.78360647614545,-367.16939199794416,0.6966442666666667,500,38
164,-27.709186573290296,-367.25528386367705,0.6950762666666667,101,0
165,-6.820614060331867,-348.58229388800646,0.6941877333333333,94,0
166,-714.4404350809876,-350.12693203110246,0.6896928,369,48
167,-9.440000000000001,-342.98977487706395,0.6895882666666666,4,0
168,-813.8937395975518,-350.933835781817,0.6868442666666666,500,50
169,-357.25796600156593,-349.2905624051088,0.6838128,221,21
170,-1239.6262143345537,-361.41372660209555,0.6820096,500,54
171,-686.2213517434968,-367.4854168421814,0.6811210666666667,500,39
172,86.62035926742035,-354.95786996621695,0.6798405333333333,83,4
173,-592.4228359591897,-350.11381299734734,0.6769136,380,33
174,-83.88316052267358,-344.61669788209986,0.6755024000000001,166,7
175,-13.98142135623731,-344.7104291232733,0.6753978666666667,4,0
176,-59.495977876525984,-337.85794399233566,0.6739082666666667,115,4
177,-528.5917970757561,-342.8777166753984,0.6707461333333333,500,52
178,-20.740815146738775,-338.93428806156385,0.6703802666666667,14,1
179,-72.47318766393607,-339.0834046387124,0.6695178666666667,33,5
180,-13.85360679774998,-331.3313691943007,0.6694394666666666,3,0
181,-587.9288288283527,-334.6939119481494,0.6688122666666667,252,37
182,-14.463606797749982,-334.5077578546588,0.6687077333333333,4,0
183,-1083.0655077784454,-345.4624562338129,0.6680543999999999,500,77
184,-608.7525463617043,-346.8324384969583,0.6678976,230,50
185,14.656996325262977,-334.35219519641646,0.6676885333333333,14,0
186,-230.20863642661948,-336.4626673471203,0.6615733333333333,242,17
187,-89.38514229122363,-337.26226774788796,0.6601621333333334,288,9
188,37.83252372133785,-336.49440442192713,0.6595610666666667,77,4
189,-9.390808728403194,-336.37364016591823,0.6588554666666666,27,1
190,-63.11995255666446,-327.25829194049146,0.657392,56,5
191,-649.6688991399541,-327.8956359891028,0.6563728,500,25
192,-1824.3623111685847,-335.18482902070957,0.6556410666666667,500,126
193,-5.555231284213956,-329.5006315885117,0.6551706666666667,85,0
194,-286.0397185768979,-318.95933299290425,0.6529232,86,24
195,1.6621051976149879,-318.803169300241,0.6523221333333333,127,2
196,7.24624967311653,-315.3796790563446,0.6520346666666667,34,1
197,-343.6186248327594,-306.4116040064888,0.6499178666666667,392,37
198,-332.3801281608726,-309.6892038320342,0.647592,170,26
199,-350.38833265818323,-313.5801872941718,0.6460239999999999,241,17
200,-622.4667491732116,-320.2341606697706,0.6433061333333334,500,39
201,-616.5301284009925,-326.2572619537805,0.6397258666666668,301,37
202,0.40415145276277187,-320.88624354065587,0.6395690666666667,6,0
203,-263.699540361811,-315.7464781409542,0.6375568,473,19
204,-334.85313183478036,-311.46650762689535,0.6369034666666666,245,38
205,-9.16426406871193,-308.9081701114357,0.6367989333333333,4,0
206,87.1327944784295,-307.6458873699161,0.6342117333333334,452,1
207,-61.78382996028161,-308.7862305029012,0.6330096000000001,174,15
208,0.09360099611423323,-308.72619600857377,0.6327221333333333,11,0
209,-2.0453529317622703,-308.8490428604564,0.6323301333333333,15,0
210,-19.12,-306.9107301021443,0.6322778666666666,2,0
211,-14.073606797749981,-307.49613419275863,0.6321472,5,0
212,97.19393181485873,-305.3900370453377,0.6312325333333333,114,1
213,-767.4844173638153,-310.5584844874545,0.629168,398,50
214,-2.931533515889555,-310.18388653061305,0.6283578666666667,31,1
215,-122.17990760454994,-311.07380906812307,0.6250128,273,15
216,-625.9867581725142,-317.06125668204476,0.6237322666666667,500,52
217,-1049.4977518669386,-327.55527900734756,0.6190544,466,69
218,-463.80244637041875,-325.46880682397244,0.6163104,284,21
219,-1943.7642859452344,-344.8580496834248,0.6160752,470,114
220,-46.695512682612275,-345.2113382431534,0.6135402666666667,97,2
221,12.977123549789937,-345.2647341931473,0.6119461333333334,500,7
222,-54.2745875241573,-334.9546483663367,0.6114757333333334,185,6
223,-13.830000000000002,-335.0961970019643,0.6113973333333333,3,0
224,-29.176046110822718,-326.8643243983436,0.6107701333333333,45,1
225,-170.83894444019865,-322.2341659728766,0.6096464,360,7
226,-183.09666962700783,-313.7763637161104,0.6079738666666668,131,14
227,-17.513950124286588,-313.5789496221949,0.6073728,23,1
228,19.64802348826076,-313.1664196782131,0.6042368,120,3
229,-4.342796877033644,-313.066574259818,0.6040538666666666,7,0
230,-640.7192084677205,-313.3242929083841,0.6030085333333333,297,39
231,16.668516756359008,-312.77055172761453,0.6018064000000001,46,1
232,-198.38210948549812,-314.18474588414733,0.6004735999999999,500,23
233,-74.61415975517104,-309.3929047207198,0.6002645333333334,59,1
234,32.88148827009421,-308.40907557388016,0.5994021333333334,33,0
235,-1035.6905517006298,-318.624905677692,0.5965797333333334,500,65
236,20.683909875232533,-300.75969143504676,0.5960832,127,3
237,-851.589350677555,-302.67395477902454,0.5934437333333333,269,60
238,-820.6225056784948,-303.60979174377894,0.5909872,500,49
239,-310.75908943394535,-305.9753672350496,0.5905429333333334,212,33
240,-64.41821676405219,-306.168717467828,0.5898634666666667,137,6
241,-32.943715120905225,-306.489234898939,0.5891578666666667,27,2
242,-7.810235842069904,-302.2748133995999,0.5888442666666667,82,4
243,2.4132384586190625,-290.6127147928995,0.5881647999999999,91,1
244,79.98914745236546,-289.7286006165314,0.5880864,325,3
245,-22.646700131170864,-289.8150173363033,0.5865445333333333,62,3
246,-104.02875559023926,-288.8844499413798,0.5821541333333333,227,11
247,19.04542436708535,-279.1461079462906,0.5807429333333334,54,1
248,-1.0376073815880034,-277.3856711292912,0.5803770666666667,14,0
249,105.32629373696099,-273.45335218669175,0.5783386666666667,78,0
250,-26.163606797749978,-273.5754456139821,0.5779728,14,4
251,-215.96526056308286,-271.34020639170404,0.5760912,500,24
252,-1969.4102877989815,-280.05913619830073,0.5757776,500,145
253,-392.72110183351504,-283.9475701403135,0.5734778666666667,500,24
254,-80.63645666903118,-281.9237762987656,0.5733994666666666,103,7
255,-21.11021863350186,-280.04085312446006,0.5715701333333334,161,9
256,-37.42454021761368,-280.2234843130738,0.5706816,107,7
257,-18.582197087791627,-280.9873708532066,0.5703157333333333,14,0
258,-724.7595828790355,-288.0641221500813,0.5686170666666667,358,43
259,-539.4513802401212,-280.16818792009565,0.5654810666666668,303,37
260,28.046954148527245,-272.4675362826406,0.5647754666666667,27,0
261,-358.8478832732603,-275.74372067891005,0.5646448,265,35
262,-399.36810659953596,-278.40296399204186,0.5627370666666667,290,44
263,5.24090039878989,-274.32271892329254,0.5620575999999999,26,0
264,-419.4751303038812,-278.24037836059847,0.5602282666666667,169,26
265,-272.45713430763345,-280.8967435630715,0.5592874666666667,210,18
266,45.97576181440917,-273.2925815941175,0.5576149333333333,64,0
267,-294.06827444671154,-276.13886433858465,0.5575104,104,21
268,-51.48094361454767,-268.51473637875455,0.5564650666666666,214,3
269,71.76699543472493,-264.22448676439166,0.5561776,55,1
270,8.164284903414984,-251.74658177201195,0.5557856,26,3
271,-902.387056005282,-253.90823881462984,0.5555504,500,60
272,1.441899709349105,-254.76002341021052,0.5547925333333333,53,1
273,-23.21928208165476,-249.0679878714352,0.5534858666666667,79,0
274,-1075.1169482797397,-258.9803257490059,0.5444437333333334,500,56
275,-107.55072930806637,-259.91601882852416,0.5430848,398,10
276,-17.29105685868574,-259.4939696183458,0.5427712,12,1
277,-879.7596732320652,-263.0056483799088,0.5427189333333333,500,58
278,-8.597274728292005,-262.8842129757243,0.5425098666666667,8,0
279,-1224.3580044633413,-274.4030611437184,0.5417258666666667,500,90
280,-125.75775502366768,-275.5221026259776,0.5411248,63,7
281,28.14176865791561,-269.3613966511149,0.5405498666666666,45,0
282,-48.82521744024662,-269.7050127575399,0.5395568,38,4
283,65.68833481560937,-258.21747433159936,0.5385376,152,2
284,40.366978172446906,-251.72627908625785,0.5378058666666667,28,0
285,-413.7611683121817,-256.0104607326323,0.5360288,322,20
286,-87.20740452113837,-254.5804484135775,0.535872,201,2
287,31.824146364065637,-253.36835552702453,0.5299136,302,10
288,22.585018548885518,-253.52083057874907,0.5278229333333333,308,5
289,-8.188399517728294,-253.50880648664227,0.5276922666666667,319,7
290,5.800929521508543,-252.8195976658606,0.5275616000000001,10,0
291,-429.68951728581385,-250.61980384731916,0.5264901333333334,500,27
292,26.560610059370614,-232.1105746350396,0.5262549333333333,55,0
293,-10.456227766016836,-232.15958459985762,0.5261242666666667,14,2
294,-4.442511840008255,-229.34361253248872,0.5260458666666668,8,0
295,23.915926171431746,-229.12107432275053,0.5244778666666667,63,3
296,-1.3836825366362184,-229.20737364484816,0.5237722666666667,27,0
297,-649.6105041387548,-232.26729243790814,0.5227792,273,49
298,-19.396683785622635,-229.13745799415565,0.5226223999999999,131,1
299,-389.29709808638376,-229.52654564843763,0.5219429333333334,215,31
300,-50.01561008753393,-223.80203425758089,0.5201397333333333,69,10
301,35.49567152151921,-217.2817762583557,0.5190421333333333,137,1
302,-24.703705946527712,-217.53285483234865,0.5162197333333334,150,0
303,-9.187870866461909,-214.98773813739518,0.5161152,4,0
304,-13.83416192529638,-211.77754843830033,0.5159845333333333,5,0
305,27.217911645751716,-211.41372668115568,0.5143381333333333,63,0
306,-459.5294769068945,-216.8803493950089,0.5132405333333334,403,50
307,1.9630971316421437,-216.2428801240896,0.5106010666666667,101,2
308,-552.2886736587114,-221.76670287063786,0.5106010666666667,466,38
309,42.7286854707224,-221.31896248661297,0.5100261333333334,22,0
310,-0.04432037668651034,-221.1282056903799,0.5097909333333334,9,0
311,-45.50314758539939,-221.44250109825643,0.5091376000000001,56,5
312,-118.22997194059914,-223.59674013581102,0.5088239999999999,391,11
313,-48.37296499068694,-216.40562561207972,0.5087717333333334,14,3
314,-19.161421356237312,-216.56792449048325,0.5087717333333334,2,0
315,-16.17,-215.5078254144377,0.5085888000000001,7,0
316,-23.303308074461324,-209.48099091345713,0.5080138666666667,29,2
317,74.16344173860669,-198.2443789774017,0.5066026666666668,54,0
318,2.9092018121268026,-193.57726249557626,0.5062890666666666,134,0
319,19.50898630654468,-173.9445297730585,0.5027610666666666,223,17
320,160.29656842912155,-171.87460896194116,0.5023429333333334,163,1
321,-577.1785918631497,-177.77616611607053,0.5019248000000001,475,55
322,44.25710325040872,-176.79084920832486,0.5010101333333333,67,0
323,-247.58663193992714,-179.12841552772414,0.49962506666666673,255,16
324,-31.64044763853685,-179.1530595430013,0.49873653333333334,122,3
325,-23.519307587824176,-177.6798631744775,0.49837066666666663,152,7
326,-5.755738704509826,-175.9064538652525,0.4977434666666667,38,3
327,10.689173805114319,-175.62442262595852,0.49742986666666666,12,0
328,-675.4126100861271,-182.57502896170246,0.49578346666666673,147,58
329,-131.06761675639274,-183.84227716049605,0.49364053333333335,145,11
330,-13.930000000000001,-177.57438507581887,0.4935621333333333,3,0
331,-66.0952471481095,-178.40202271486356,0.49092266666666673,285,7
332,-823.1903526394018,-184.65010514640255,0.48992959999999997,224,65
333,4.56235087774585,-183.8583400400734,0.4897205333333333,8,0
334,-629.4588703504694,-190.481743626279,0.4895376,439,51
335,-56.15245320083305,-180.68636264128105,0.48854453333333336,91,7
336,-20.274580809939447,-181.09594754813276,0.4883354666666667,8,0
337,-11.084974596027491,-172.69090378731744,0.4879696,14,0
338,-23.512508822554395,-164.71980381875804,0.4878389333333334,72,5
339,-20.008218714969242,-161.81229511156832,0.48559146666666664,151,2
340,-9.968140956982916,-161.2677943534976,0.48540853333333334,7,0
341,-138.92547961593928,-162.32761199844794,0.4848336,120,12
342,9.118038998569002,-162.15832925004156,0.4843632,40,0
343,26.108217663180465,-161.92137945799593,0.4838144,21,0
344,-270.3987291492563,-165.42525822401214,0.4832917333333333,174,26
345,-567.3462330672447,-170.8722535533729,0.48284746666666667,410,52
346,33.66302345161749,-169.49533576295434,0.4824554666666667,52,0
347,51.64560230715696,-169.16933398355363,0.4818544,55,0
348,-19.410067348731747,-169.35305858322502,0.48146239999999996,38,1
349,3.68617987853467,-170.36945972180928,0.4811749333333334,140,2
350,17.84870190326016,-169.92933663479914,0.48067840000000006,19,0
351,-6.467379549334861,-167.8343578246617,0.4804170666666667,10,0
352,246.62163562050927,-145.67403859046684,0.47864000000000007,161,5
353,-2.315637853602354,-141.7699839506677,0.4774117333333333,115,0
354,37.83429382639558,-140.58527644571345,0.47636639999999997,40,0
355,107.58669510529978,-139.29830730832543,0.47545173333333335,122,0
356,-456.91158417269463,-143.49317774787625,0.47526880000000005,252,35
357,-94.680872302073,-144.25416450001904,0.4725509333333333,341,14
358,81.74634725357801,-136.1891051986929,0.4722373333333334,116,1
359,70.42320225701003,-130.09035937372155,0.4721066666666667,163,0
360,19.386258304106736,-130.1769663321658,0.47208053333333333,18,0
361,-58.71749188049279,-127.17566241823812,0.4720544,130,8
362,-4.426679285561521,-123.22624814509837,0.47197600000000006,10,0
363,-1.4778685525167141,-123.29343583461144,0.4714010666666667,22,1
364,-9.087213595499959,-119.18955666752763,0.4712965333333333,4,0
365,-45.16991075751916,-116.91668443202647,0.46638346666666664,217,15
366,-13.95426406871193,-117.51598469085769,0.4663050666666667,3,0
367,-395.8808319337578,-118.53411026572817,0.46531200000000006,260,40
368,-6.842455532033675,-118.08772538490304,0.4650245333333334,11,0
369,63.081799195072776,-118.17457734729956,0.46471093333333335,61,2
370,93.4290500228662,-117.32192969610506,0.4645018666666667,260,4
371,-189.40552010168258,-110.19211433706903,0.46447573333333336,291,23
372,-14.630000000000003,-110.35283333416251,0.4644234666666667,3,0
373,-5.83805411091844,-110.17902105445515,0.46410986666666665,12,0
374,-235.80391704518675,-101.78589074210963,0.4621498666666667,89,22
375,-100.43228279853686,-101.71470627701432,0.4619146666666667,119,7
376,58.86230765152054,-100.95317263191225,0.46105226666666665,33,0
377,-623.526981546441,-98.39084571505602,0.4589877333333333,196,47
378,-472.4197021921578,-103.02906998969469,0.4587264,229,44
379,23.043795581773313,-90.55505198924355,0.4584912,19,0
380,-16.784028351679858,-89.46531472252367,0.4577856,27,0
381,-31.487755334457226,-90.0616099624474,0.45757653333333337,44,0
382,-10.386472487858146,-89.67722251292355,0.4573413333333334,9,0
383,-62.44256685261119,-90.95853152960574,0.45708000000000004,194,17
384,-31.934949436168363,-91.68155080569187,0.4565050666666667,49,1
385,33.25111428388486,-87.21142797973121,0.4552506666666667,70,2
386,-62.37108659794485,-86.96306480049927,0.4540485333333334,94,2
387,-19.51,-87.47640626413994,0.45402240000000005,1,0
388,154.2324095296162,-86.15993235433262,0.45373493333333337,58,0
389,-427.10844530549593,-90.34913281221031,0.4528464,314,45
390,-14.45426406871193,-90.5516847481125,0.45276800000000006,3,0
391,58.1434894202487,-85.67335468105188,0.4518272,73,0
392,-180.03054933589289,-87.73926627500452,0.45072960000000006,253,29
393,-75.94174120145321,-88.3941214093589,0.4505205333333333,134,7
394,-13.871421356237311,-88.4884105045212,0.4504421333333334,3,0
395,-93.42585497322348,-89.66182831596774,0.45012853333333336,101,11
396,-21.294800818882138,-89.86093949879019,0.4498410666666667,23,0
397,14.557585587132134,-83.21925860153131,0.44842986666666673,88,2
398,-266.6417875243331,-85.69170963891843,0.44809013333333336,78,28
399,-10.061706744109388,-81.89935572549567,0.4478026666666667,11,0
400,-13.95426406871193,-81.53874226530746,0.44772426666666665,3,0
401,-14.13613840908009,-82.03506036461344,0.44759360000000004,5,0
402,-14.02284271247462,-81.92825173227291,0.44748906666666666,4,0
403,24.413850457464388,-81.59223451903365,0.4470970666666667,181,5
404,-15.433644461956268,-81.60822934440026,0.44688800000000006,8,0
405,9.312406784515456,-81.78728439301261,0.446496,15,0
406,-182.33574184340964,-79.01534704237775,0.4448757333333333,190,12
407,-16.9745788446143,-79.20472380214034,0.4432032,64,1
408,74.0938429309577,-72.94089863624363,0.4424192,156,0
409,-312.42083220410154,-76.49239381299188,0.44176586666666673,255,24
410,127.93266549483,-75.21262395427671,0.4412170666666667,240,5
411,-19.12,-74.9487924784227,0.4411648,2,0
412,188.712094199276,-71.87937181702395,0.44092960000000003,87,1
413,-67.72271886575646,-72.07286935577466,0.44082506666666665,13,5
414,93.65868902159403,-70.94466825199633,0.4395445333333333,53,0
415,-183.20638603460478,-72.61503211234239,0.4385253333333333,149,16
416,67.16513458805134,-71.71034768571727,0.43753226666666667,162,3
417,32.44399656580306,-72.1275421374453,0.43685280000000004,103,0
418,-178.2112616120106,-73.93874677168668,0.4358597333333334,190,26
419,-179.27936769841313,-75.92663031173625,0.43470986666666667,108,25
420,118.36318485123282,-76.34596414751513,0.4332986666666667,136,1
421,-15.57,-70.72987822888362,0.4331157333333333,7,1
422,-164.76863230926915,-72.82013558448043,0.43282826666666663,72,13
423,74.19313196258067,-69.60233794545533,0.43146933333333337,52,0
424,80.7124953584579,-68.4788085154854,0.42838560000000003,118,1
425,14.726869044188302,-68.09634674916526,0.42815040000000004,9,0
426,-19.31284271247462,-68.23191778924493,0.428072,3,0
427,-410.43704799983107,-72.44318000729437,0.42744479999999996,217,45
428,19.998798496189625,-65.48906592147121,0.42702666666666667,40,2
429,92.43741875228942,-63.254015566384396,0.42694826666666663,443,7
430,37.0288967814206,-62.744426598570186,0.4260336,54,1
431,251.99958459323585,-59.56347828115673,0.42582453333333337,384,12
432,-19.450000000000003,-51.52607475476271,0.42569386666666664,5,0
433,37.44314825264557,-51.19726678101372,0.4251189333333334,35,0
434,-96.42564365604898,-45.866934514069506,0.4222965333333334,178,10
435,0.7032448462721561,-45.29837753359846,0.42101600000000006,49,0
436,-411.2972292738272,-49.20860401823734,0.4197877333333333,204,36
437,-246.26999212081768,-51.56045419348524,0.41908213333333333,304,23
438,-521.0059886296093,-56.535388991555784,0.4190037333333333,256,54
439,-35.64770236245082,-56.6917838280306,0.41855946666666666,17,3
440,10.123789679520922,-56.49086452166557,0.41740960000000005,64,0
441,40.290554983688,-54.6987041756693,0.4162336,183,9
442,-22.692901036585337,-55.01681357602083,0.4155802666666667,25,1
443,-394.46839943783306,-59.22257974703097,0.41542346666666663,120,30
444,-42.4690153366291,-56.943282608904696,0.4149269333333333,19,3
445,-6.109654132382971,-51.33091681955609,0.41435200000000005,22,0
446,-25.805213993977176,-51.92559919401202,0.4140906666666667,10,1
447,35.86297967545187,-52.08342542032908,0.412392,65,0
448,28.75086072128961,-51.601816139628866,0.41176480000000004,24,0
449,23.62799006604914,-51.40239803775372,0.41134666666666664,16,0
450,-112.66470718269872,-52.707532128613295,0.4103013333333333,202,14
451,160.78018447269778,-51.03505648839297,0.40962186666666667,298,11
452,212.17403694272363,-51.379532475170826,0.4094650666666667,395,12
453,-241.64139741669354,-53.772790070801754,0.4067733333333333,109,16
454,29.63324724619253,-53.85480053660377,0.4058064,37,2
455,-365.7328271158183,-58.58799575881496,0.4048394666666667,177,40
456,-50.57923683644262,-54.524672285452446,0.40389866666666663,245,19
457,-104.11948794635656,-54.61905844189528,0.4032192,62,10
458,-5.643784859678917,-55.49295976302785,0.40264426666666664,22,0
459,1.4632605847993254,-56.18255917974995,0.40259200000000006,123,2
460,-26.27864774963192,-56.639208240287346,0.4017818666666667,31,0
461,88.09448212111175,-55.171088500271296,0.40060586666666664,411,22
462,49.1985943651063,-54.634835763764634,0.40060586666666664,78,0
463,-263.1439620410439,-57.2514966986499,0.39856746666666665,204,25
464,181.35659286206862,-55.34705863407421,0.3974698666666667,165,2
465,-65.67031972442336,-55.55206272374325,0.39647679999999996,158,1
466,-4.291421356237311,-55.4554342966185,0.39634613333333335,5,0
467,120.2038405444025,-50.2945875718369,0.3962154666666666,48,2
468,-71.72991394438327,-50.94346215596039,0.3949349333333333,217,2
469,72.47705944049248,-50.84950955350619,0.39449066666666666,71,0
470,-12.730556099843776,-51.91110561473329,0.39352373333333335,54,0
471,-6.286207150398212,-50.07991248522044,0.3915637333333334,178,3
472,24.751968171275696,-49.686092803507684,0.3910933333333333,18,0
473,-285.57442443136017,-52.48345650671211,0.38855839999999997,190,23
474,70.3132204060586,-49.42228513219966,0.38842773333333336,102,12
475,-0.17137552079633167,-48.41967605942225,0.38806186666666664,14,0
476,-242.10042572002956,-51.42930339313775,0.38774826666666673,258,20
477,37.82074878792429,-44.8158260897941,0.3870688,26,0
478,13.531036138894873,-39.95631870648358,0.38667680000000004,15,0
479,-733.4247470091684,-47.521004132393,0.3855008,500,75
480,-10.366200237311553,-47.456825851249306,0.3853178666666667,7,0
481,53.7454867219585,-46.60449343068515,0.3853178666666667,52,0
482,-37.65685533570005,-46.877197259163566,0.38416800000000006,44,1
483,71.44980542928805,-45.538273536344576,0.38393279999999996,158,4
484,-64.02915047240279,-45.85921554670693,0.3829397333333333,91,7
485,24.02350630871147,-45.95149162645866,0.3821034666666667,79,2
486,-18.771421356237312,-45.51549497404159,0.3820250666666667,3,0
487,-51.258809653206825,-45.83298307057366,0.37870613333333336,377,32
488,-7.141829078418816,-47.446725456654,0.37792213333333335,30,0
489,-193.44837069286467,-45.1101247105277,0.37653706666666664,210,28
490,-14.220000000000002,-45.10778206984057,0.37648480000000006,2,0
491,-19.161421356237312,-45.88083117760542,0.3764325333333334,2,0
492,-19.12,-44.27172568424649,0.3763802666666667,2,0
493,24.946696809235892,-43.26284130413961,0.37635413333333334,60,0
494,1.2933420861604432,-43.11119366971563,0.37570080000000006,25,0
495,-76.83628599689027,-42.9452979799523,0.37486453333333336,309,16
496,-10.989451387779075,-42.84224448564127,0.37217279999999997,103,3
497,-51.13222917708151,-43.4991426332834,0.3717808,150,5
498,-19.161421356237312,-41.02433897160245,0.37172853333333333,2,0
499,20.31980938901904,-40.72052381027115,0.3715194666666667,186,9
500,-14.385028153987292,-40.72483145112391,0.37120586666666666,12,0
501,-390.1443714948455,-44.48491378198157,0.3708661333333334,500,52
502,55.28669930172373,-43.791818361839574,0.36945493333333335,54,0
503,-61.95697352390427,-44.655526601653264,0.3685925333333333,120,14
504,-60.164564093104985,-45.102835797964765,0.3681221333333333,18,4
505,34.583254584330845,-44.8501273199666,0.3677301333333334,133,0
506,-0.5140539268061666,-43.03191044080057,0.36731199999999997,16,0
507,21.71724650097399,-42.64499218734468,0.36668480000000003,24,0
508,-91.43459262530702,-44.30027654290734,0.3660837333333333,129,11
509,174.67757809222158,-39.4292924399441,0.3660053333333333,236,4
510,24.573915361512302,-40.46287994127728,0.36597920000000006,27,1
511,17.0883748864261,-40.100796192413014,0.36550879999999997,22,0
512,-199.88345519501382,-43.986751686355916,0.3652997333333333,108,22
513,-25.5282171463129,-43.56480666916148,0.36496000000000006,21,1
514,-37.26380913080699,-44.8740316506855,0.3649338666666667,41,2
515,-16.82767971695629,-43.21024458750902,0.3649077333333334,15,1
516,-8.95360679774998,-43.97143200136702,0.3648554666666667,3,0
517,-20.546961473603208,-44.50134158176108,0.3639669333333333,36,1
518,53.61429574752195,-42.183086008165745,0.36357493333333335,53,0
519,48.646831628596985,-39.90382401489566,0.36273866666666665,47,1
520,-19.21852813742386,-41.27964114478222,0.36255573333333335,7,1
521,38.84978524353474,-40.73544329234687,0.36255573333333335,88,0
522,44.93529461123427,-38.63840402314184,0.3624773333333333,42,0
523,-14.650000000000002,-39.52683534276765,0.3623466666666667,5,0
524,201.79824995480917,-38.315977796804134,0.36200693333333334,152,0
525,-174.21443181975536,-40.205390805443564,0.3580346666666667,165,28
526,-119.8038837671032,-41.21030121598985,0.3562314666666667,221,25
527,-0.6737788396302662,-37.11266852438784,0.3559962666666667,9,0
528,-13.589764737489759,-37.44855415672464,0.3554997333333334,19,0
529,195.5742589907458,-36.41718575434007,0.3540624,325,6
530,-490.7086589768041,-41.69456131192233,0.3531738666666667,359,33
531,-53.5409005153615,-44.749966163008295,0.35312160000000004,36,10
532,-9.030000000000001,-44.64576616300829,0.3530432,3,0
533,-29.76814095698291,-45.31787905510458,0.3528602666666667,7,1
534,-9.37757807352315,-44.44739839927933,0.3525728,209,16
535,-14.518538328578607,-44.59961623102784,0.35233760000000003,9,0
536,-211.86220183726002,-42.60526595666216,0.3521546666666667,128,19
537,171.13251888257463,-38.431240846628235,0.34928000000000003,117,1
538,178.91711923225503,-31.43200976800959,0.34857440000000006,176,0
539,-10.535334704060054,-31.18088609142568,0.34810399999999997,18,0
540,-9.278204249800549,-31.374906030718904,0.3479472,6,0
541,-140.39019272016654,-33.18171350775744,0.34677120000000006,96,18
542,74.27323262017656,-32.21205217118983,0.3450725333333333,65,0
543,123.60476546986943,-27.0313205221128,0.3448634666666667,118,4
544,23.740880632926302,-26.36922156241725,0.3439749333333334,34,0
545,-1032.4935914346406,-36.63306093543983,0.3415184,407,71
546,95.824812756587,-35.416760667934184,0.3406298666666667,128,11
547,-122.21926374879975,-36.9975831021767,0.33979360000000003,500,14
548,-9.857483686020966,-37.38366654624981,0.33963679999999996,6,0
549,102.95239015949937,-36.590422545315306,0.3381472,57,1
550,-141.44945728011888,-36.878270046289515,0.33691893333333334,176,20
551,0.8828704234487823,-38.477243186782005,0.33626560000000005,25,0
552,-264.1768649942924,-43.24075220615216,0.33553386666666674,100,25
553,154.75088757927634,-39.27682935619246,0.3350896,212,6
554,-95.55082665197524,-40.528670095174135,0.33493280000000003,51,7
555,-5.713884296566798,-36.92848066698162,0.334384,44,4
556,67.97500157314326,-35.74293828288576,0.33307733333333334,50,0
557,-331.714051508415,-38.01888391850635,0.3325808,96,27
558,39.155125973208854,-37.57089481017747,0.3322149333333333,33,0
559,-242.63465654564067,-40.01187398148187,0.33200586666666665,500,39
560,12.873272168709956,-39.62035478229845,0.3319274666666667,115,7
561,-20.31484368522511,-40.70444804036182,0.3314832,42,1
562,35.99950608703385,-40.83643892314254,0.33122186666666664,27,0
563,-25.034521860706086,-38.455344521339164,0.3308821333333334,51,0
564,57.67550602849191,-39.69215538967494,0.3304901333333333,28,0
565,82.6292906798489,-38.20915928563221,0.3294709333333333,77,0
566,59.43284764384492,-37.571916595631386,0.329288,61,1
567,55.30494440959684,-38.220905556979446,0.3268053333333334,95,0
568,-19.161421356237312,-37.69522063109798,0.3267530666666667,2,0
569,170.3980056264899,-36.716011169238016,0.3260213333333334,171,1
570,-175.23961043713982,-38.34110171261097,0.3260213333333334,229,24
571,-21.083085455334714,-38.489070495660336,0.32599520000000004,29,0
572,-31.682478130471274,-39.0534149586778,0.32534186666666665,25,1
573,2.863450309458358,-36.16903621126961,0.32487146666666666,18,0
574,86.12935376515823,-36.010874877678624,0.3236954666666667,89,1
575,142.3543522514163,-34.58561759995649,0.32121279999999997,95,1
576,417.5684277926339,-27.98892906482986,0.32095146666666663,326,12
577,-19.51,-28.562236552709106,0.3209253333333334,1,0
578,49.61310344420151,-28.201415879656043,0.3204026666666667,31,0
579,24.78994182334178,-20.619268991330937,0.3195925333333334,51,0
580,-447.94981668952806,-24.995105155853107,0.3195925333333334,202,37
581,2.8127781478000884,-25.504432241594685,0.31956640000000003,247,5
582,-13.690491834728768,-25.264768606584973,0.3194357333333333,5,0
583,-14.220000000000002,-26.12146666087785,0.3193834666666667,2,0
584,106.62490038155617,-24.414926152338257,0.31802453333333336,91,0
585,2.3239033254257038,-24.631922182171117,0.31802453333333336,52,1
586,-124.08282996560688,-25.685036268264813,0.31797226666666667,62,12
587,37.350578788640576,-24.798942383846338,0.31742346666666665,23,0
588,41.38422549848232,-24.313681838077322,0.31682240000000006,44,0
589,41.9390095747257,-21.959808035401423,0.3167178666666667,50,0
590,80.09209617559863,-21.01668707364544,0.31530666666666674,81,1
591,-19.51,-21.020172860083065,0.3152805333333334,1,0
592,109.11453398659454,-19.737827520217124,0.31431359999999997,92,1
593,-13.507909141446529,-20.12237357972395,0.31350346666666673,31,3
594,-9.143985645097457,-20.226746857036527,0.31164800000000004,71,8
595,26.09260410906428,-19.197457955976983,0.31052426666666666,43,0
596,142.4927156758672,-17.662636285340522,0.3103152,355,14
597,75.25959634612875,-16.398718030108416,0.30992320000000007,264,24
598,66.09215736811426,-15.546182242864898,0.30955733333333335,37,0
599,13.891949423980034,-15.610460842515288,0.3094266666666666,34,0
600,-9.490954835096312,-15.561520109326379,0.30866879999999997,29,1
601,-8.313296585833761,-11.743209360236264,0.30864266666666673,35,0
602,-24.431893621772172,-12.54039528947122,0.30830293333333336,14,0
603,25.12386740868907,-11.669586880145289,0.30751893333333336,43,1
604,126.50166813735432,-9.802924557840697,0.30655200000000005,129,1
605,-435.144886952602,-14.500205973210027,0.3054544,376,63
606,-35.50476677244044,-14.85011310166637,0.3054544,42,4
607,-14.220000000000002,-15.209485566676108,0.3054021333333333,2,0
608,-19.23,-14.487439640423037,0.3053237333333334,3,0
609,79.44551566452205,-15.439760264700032,0.3044352,34,0
610,181.2289667200029,-13.873209751115128,0.3039909333333334,165,1
611,-19.51,-14.239193499979388,0.30396480000000003,1,0
612,-5.039949493661167,-12.290758442965862,0.3038341333333333,5,0
613,22.997212477032388,-11.805504146732405,0.30176959999999997,79,2
614,-293.4562396690972,-14.367428452115309,0.30174346666666674,221,37
615,-3.163168551790008,-14.230783340463647,0.30127306666666664,19,0
616,-135.45455001608784,-15.495792772647025,0.30098559999999996,171,18
617,194.38752933288615,-13.346447864582133,0.2989733333333333,209,14
618,77.91470712950363,-13.103443750762317,0.29886880000000005,110,5
619,-14.04284271247462,-13.730340494173035,0.298712,6,1
620,-11.296031019153379,-13.651115522990331,0.29839840000000006,12,0
621,68.49742790003577,-13.35463909642532,0.2977189333333333,48,0
622,138.8842640351663,-12.415149402185996,0.2972224,45,0
623,52.9526892576791,-11.739122509609206,0.29473973333333336,250,29
624,14.49486909652951,-13.612156318192001,0.2933285333333333,54,2
625,15.72944087286847,-11.712717591265765,0.2933285333333333,149,6
626,-14.695374323804728,-10.661632496832778,0.2931978666666667,5,0
627,237.50629111997512,-8.279831797236726,0.29304106666666674,304,12
628,-491.7055127471077,-13.060989277332906,0.29262293333333333,195,56
629,14.933644137770973,-14.867395425862654,0.2925968,17,0
630,-4.620045345892041,-10.006509289553533,0.2925445333333333,25,1
631,-23.839475868810034,-9.709495043088017,0.29178666666666664,29,0
632,75.25693945405074,-8.86662564854751,0.2909242666666667,92,2
633,-14.203899314758338,-8.710983232125267,0.29076746666666664,71,5
634,-80.35547618667961,-9.42076221325683,0.2906890666666667,42,6
635,112.84013627385245,-8.147175467232522,0.2903754666666667,85,6
636,14.17675483808264,-5.886785900479095,0.2898528,32,0
637,6.005818222846099,-7.538052907076381,0.2897221333333333,46,4
638,-14.615028153987291,-9.473374380938804,0.2897221333333333,5,0
639,-14.643566482565895,-9.514456698723862,0.2895914666666667,5,0
640,-18.850395489667918,-9.610178611122533,0.28946079999999996,50,7
641,64.44095884736745,-7.561867095447193,0.2891733333333334,46,0
642,-54.58863047555167,-8.850485726404475,0.2882848,34,7
643,-324.1599053395506,-13.328132434498675,0.2875008,80,30
644,107.43258564891488,-12.491215384338789,0.2865338666666667,37,0
645,132.74013727701345,-0.8388780972222486,0.28614186666666663,127,2
646,5.810975356949513,-1.7390164712186233,0.2858805333333333,10,0
647,43.99425583609474,-0.07688127536967926,0.28559306666666673,158,6
648,27.27419337284788,0.2944354952190095,0.28543626666666666,42,0
649,-0.6906630725977081,-0.7419950371019624,0.284992,17,0
650,-0.26000000000000156,0.6698995356992258,0.28483520000000007,6,0
651,-50.85241091748938,0.15254672228984434,0.2831104,106,3
652,-167.18633690134615,1.1224520032193064,0.28303200000000006,201,33
653,-19.31284271247462,-0.6181852996982043,0.2829536,3,0
654,70.67734172214416,1.0440963840429902,0.2822741333333334,127,5
655,-9.440000000000001,1.0068352270086596,0.2821696,4,0
656,-89.90895700373716,-0.5720043587601458,0.2816730666666667,121,12
657,-13.490184562845286,2.6102343106955517,0.2804186666666667,48,2
658,89.33276491319386,3.1120107000954027,0.28020960000000006,75,0
659,-32.58349808178658,5.212522284733943,0.2793994666666667,142,12
660,52.759015264644475,5.61137971569329,0.2781450666666667,48,0
661,14.200441542412104,5.956532567969658,0.27775306666666666,15,0
662,138.8463064342066,6.98500057144139,0.27720426666666664,123,0
663,-14.220000000000002,7.093145790048448,0.27715200000000006,2,0
664,2.018968079236064,6.536580410555892,0.27487839999999997,309,30
665,101.3149093553573,6.7234365973109735,0.27372853333333336,154,8
666,242.47186239971137,8.55382674486964,0.27336266666666664,145,0
667,-5.854864593753632,7.942228654836134,0.27205599999999996,312,16
668,-181.93473387825588,6.31449552961595,0.27169013333333336,78,19
669,-1.084253301943889,4.599672940331614,0.2714026666666667,11,0
670,15.46591827712415,6.5067282274742535,0.2712197333333334,32,0
671,-14.936484578897527,6.568194236238624,0.2712197333333334,7,0
672,-99.27831613801551,5.892235856163183,0.26873706666666664,177,26
673,78.94162810588358,6.653017634127434,0.26682933333333336,73,0
674,-62.24805162177705,5.169243580258082,0.26622826666666666,191,8
675,-14.872455532033678,3.5969755024235828,0.2661237333333334,4,0
676,-341.467155166603,-3.993380327168785,0.2653397333333334,57,29
677,32.442384955995735,-3.4738564776088294,0.26526133333333335,33,0
678,0.3513650482627284,-3.966473861568216,0.2651829333333333,6,0
679,-13.89502815398729,-4.353323561341507,0.2651829333333333,3,0
680,-14.936484578897527,-0.023190240235203278,0.265,7,0
681,-18.95360679774998,-0.24085408969070318,0.2649216,3,1
682,-14.220000000000002,-0.24614917134341652,0.2648693333333334,2,0
683,20.608369980268183,0.10213452845926707,0.2641376,40,2
684,-325.2766998760556,-4.216881474116852,0.2640853333333334,413,43
685,21.64255805464519,-4.023694926824657,0.26351040000000003,22,1
686,-43.6183759652079,-3.2190503868206677,0.26243893333333335,41,11
687,-9.472212513921047,-3.6872782998462834,0.26230826666666673,5,0
688,177.47343472896554,-2.326386207541451,0.26045280000000004,141,3
689,-44.16741112388672,-3.187450414527575,0.26034826666666666,75,10
690,-667.1635538664339,-10.660006914947898,0.2601914666666667,422,62
691,19.42344583548758,-10.270672456593022,0.25998240000000006,18,0
692,-211.72304556553163,-13.479048252114286,0.25763040000000004,277,33
693,176.80868098132447,-11.575882350886577,0.25637600000000005,138,5
694,278.6288817689378,-8.698153676746223,0.25627146666666667,150,2
695,154.23339186920492,-7.416745799144817,0.2550170666666667,100,2
696,-4.544510245677431,-8.887118058360265,0.2549125333333333,56,10
697,60.39467439898462,-9.035767277831706,0.2548341333333334,211,18
698,5.637157287525376,-9.6403172786376,0.25480800000000003,8,0
699,-14.220000000000002,-9.921436772877398,0.2547818666666667,2,0
700,-24.08360679774998,-10.067363292503934,0.25475573333333335,6,1
701,-7.698001121185387,-10.06121033785745,0.25462506666666673,63,0
702,-10.739999999999995,-9.924291401639731,0.25438986666666663,14,0
703,19.614095144788198,-9.979389124278738,0.2543114666666667,12,0
704,71.07071115462716,-10.533698694106008,0.2535274666666667,33,0
705,-19.12,-6.373449824579989,0.2534752,2,0
706,-123.05433437648729,-7.248945500620458,0.2534752,51,6
707,-187.70954230773333,-8.98384092369779,0.25114933333333334,139,23
708,-224.23810999408008,-11.03392202363859,0.2510709333333333,124,25
709,21.597506418073127,-11.612402116103079,0.24803946666666665,116,8
710,-6.287213595499949,-13.487563919258108,0.2474122666666667,24,1
711,38.131034909133916,-12.911153570166768,0.2454261333333333,76,0
712,-756.5050603404085,-20.425804678634243,0.2454261333333333,219,59
713,-20.374987143363786,-20.859526674838204,0.24521706666666665,8,0
714,570.0778016993697,-12.22418626115354,0.24490346666666674,328,2
715,30.812074009740318,-11.88443383553823,0.24443306666666664,30,0
716,-6.577228048668438,-10.59566061586404,0.244224,46,3
717,-239.29003963195197,-14.932436305512418,0.24401493333333335,362,34
718,23.794507258610377,-15.473638304221353,0.24396266666666666,18,0
719,32.97813614162742,-15.003428515680332,0.24383200000000005,41,3
720,47.25494538068864,-14.417918751681912,0.24333546666666672,26,0
721,-14.220000000000002,-15.245093030682272,0.24328320000000003,2,0
722,65.55487179499426,-15.97838695308399,0.24273440000000002,57,2
723,-42.83666140436093,-16.936280459704392,0.24249920000000003,51,1
724,-11.58061256625886,-17.197035276332272,0.24229013333333338,17,0
725,91.02862813027576,-16.4440434037582,0.2421333333333333,44,0
726,100.97661941628576,-15.287323466357293,0.24210719999999997,71,4
727,-19.161421356237312,-17.85400059111942,0.2420549333333334,2,0
728,-9.863606797749977,-13.035581531625839,0.2417674666666667,14,1
729,56.33461747148807,-12.621571798288668,0.2415845333333334,35,0
730,41.07060759698375,-12.164665268859908,0.24129706666666673,29,0
731,128.64302456067514,-10.63984026456506,0.2395461333333333,85,1
732,-126.04543419935145,-12.65286400109908,0.2389973333333334,99,20
733,157.63277974983515,-10.934497210453147,0.23886666666666667,131,8
734,-20.98956749025303,-10.340838123488881,0.23865760000000003,8,0
735,11.328794586334705,-11.35595154036406,0.2383962666666667,10,0
736,112.4531662344839,-10.373187426400047,0.2382917333333333,115,1
737,-99.06214540770745,-11.423867062705582,0.23795200000000005,17,14
738,-37.64149712220138,-11.654131752387725,0.23779519999999998,19,1
739,29.690618049415168,-11.210789907067914,0.23622719999999997,127,6
740,116.08255595414424,-9.861460392629793,0.23604426666666667,67,0
741,296.28385572513525,-7.543031423852113,0.23544319999999996,136,0
742,-8.66426406871193,-7.083787759783715,0.2353386666666667,4,0
743,-20.25193984464814,-4.044708104834691,0.23463306666666672,27,0
744,24.419179606750067,-4.874842165256341,0.23434560000000004,11,0
745,-6.2036067977499805,-6.264279606003973,0.2341365333333334,8,0
746,-21.233688055895662,-6.534726240132427,0.23296053333333333,125,15
747,-680.7675176286754,-13.782343974780128,0.23262080000000007,204,70
748,18.320384144155337,-13.871882067067054,0.2316277333333333,51,4
749,-19.161421356237312,-14.056589649903449,0.23157546666666673,2,0
750,3.369456331267436,-14.020295086590775,0.23105280000000006,20,0
751,129.1229275548909,-12.220541701866972,0.2304256,84,1
752,-14.432947366762445,-10.69300780652113,0.23026880000000005,6,0
753,79.77984742891765,-9.702080905107211,0.22974613333333338,168,5
754,0.1912723881191276,-10.406941598447457,0.22898826666666672,29,0
755,-61.71602464829782,-10.929701844930435,0.22836106666666667,103,1
756,11.724622471063121,-9.913366050182436,0.22823040000000006,78,1
757,46.766877907678065,-9.310795425477204,0.22744640000000005,35,0
758,66.46575922310107,-9.53946548237813,0.2270544,45,0
759,31.827464374490933,-8.895355857815353,0.22611360000000003,51,0
760,-224.35251970187053,-11.66647120748051,0.22530346666666667,141,28
761,-6.151149920956254,-11.869987122114189,0.22504213333333334,10,0
762,-28.04468262363796,-13.538897012692637,0.22485920000000004,84,10
763,-506.7269491730552,-18.463966504423187,0.2248330666666667,429,66
764,-10.337311187843769,-18.587529297093987,0.2248330666666667,8,0
765,-19.51,-19.79577839064756,0.22480693333333335,1,0
766,32.77350726251407,-21.892761942019533,0.22425813333333333,23,0
767,-84.29283142360049,-22.677141610318,0.22415360000000006,75,11
768,4.492893218813453,-20.812865339347304,0.22373546666666666,20,1
769,43.61820571961974,-20.365840749131667,0.22282080000000004,51,0
770,-9.087213595499959,-20.61137206785791,0.22271626666666666,4,0
771,-4.8136348815798495,-20.51014357088473,0.22240266666666664,12,1
772,-146.97756892671788,-20.987136098771757,0.22232426666666671,95,20
773,10.406280586300863,-21.67248957396758,0.22203680000000003,11,0
774,105.88964497615473,-19.991112607988267,0.22146186666666667,36,0
775,12.218781482352504,-19.720200237844402,0.22122666666666668,31,0
776,50.04726641578398,-15.805056022020535,0.22067786666666667,30,1
777,86.37178081315702,-15.265762063448921,0.22023360000000003,38,0
778,251.80385528244818,-12.751237161107065,0.22007680000000007,182,3
779,374.37018058908546,-8.868585073676336,0.2177509333333334,229,5
780,112.91527911257141,-7.5900674367616485,0.21746346666666672,100,0
781,53.35190543354156,-6.8670123144487345,0.21639200000000003,41,0
782,10.876335813803156,-6.616048956310703,0.2161306666666667,62,13
783,211.91240803825667,-4.703008575730819,0.21364800000000006,95,1
784,200.93977262253514,0.5591561492550915,0.21336053333333338,263,13
785,-14.88087060933496,0.19392186261528896,0.2130730666666667,22,0
786,-84.98845300789182,-0.21977890781155068,0.21239360000000007,153,17
787,28.67570409962671,0.16170025832392665,0.21176640000000002,24,0
788,-370.0411179804261,-5.313445268769991,0.21166186666666664,345,40
789,13.81715728752538,-4.733599584655869,0.21113919999999997,20,0
790,59.70372638700208,2.535073217878491,0.2110346666666667,78,0
791,-14.432241749487249,2.196516342028743,0.21082560000000006,12,3
792,9.292016517588934,4.406666962859949,0.21077333333333337,10,1
793,47.22868660590906,3.1108670191057946,0.20985866666666664,35,0
794,-129.57523367930645,-0.9711741353766452,0.20970186666666668,43,12
795,-4.67710678118655,-2.5602791218805616,0.20967573333333334,7,0
796,-14.046449510224601,-2.655298514526032,0.2095973333333333,4,0
797,72.08685876027506,-2.538376670913129,0.2095973333333333,144,9
798,-14.720000000000002,-2.7419482437883813,0.20954506666666672,2,0
799,3.578578643762693,-2.563962457350759,0.20920533333333335,18,2
800,2.4253635004244316,-2.298872754369014,0.20907466666666663,20,0
801,-19.50921561087423,-2.416984899265903,0.20886559999999998,13,0
802,59.61235665567847,-1.7134613327091193,0.20842133333333335,43,0
803,123.63492354380843,-0.6732530487189162,0.20836906666666666,130,3
804,-19.671935540276017,-1.5806795156679487,0.20805546666666663,14,0
805,-18.590595226445394,-1.5753854679324004,0.20771573333333337,13,0
806,100.51877108537323,0.6603455866862038,0.2070101333333334,71,0
807,-13.76622776601684,2.3997787321033717,0.20687946666666668,5,0
808,61.004692620084995,5.25220675824502,0.20674880000000007,37,1
809,-19.120056307974576,4.8450311309845455,0.2066442666666667,9,1
810,-14.759175132779284,4.760311515611752,0.20656586666666665,7,0
811,10.84811445317316,4.487482311052144,0.20606933333333333,22,0
812,82.45860377373141,12.877118952193543,0.20570346666666672,129,6
813,-1.306332420304667,13.067805499424134,0.2054421333333334,10,0
814,5.202006326434191,7.419047545694777,0.2051546666666667,11,0
815,-8.462949771929214,7.026297307878082,0.20463200000000004,20,0
816,-14.220000000000002,6.949869588364765,0.20457973333333335,2,0
817,191.2305271066173,11.255075255750462,0.2043184,86,1
818,-19.31284271247462,10.824001756039609,0.20423999999999998,3,0
819,-0.4030436860751294,10.490189957762587,0.2031162666666667,43,0
820,-227.7565142224352,7.740075361731344,0.20264586666666673,74,27
821,-240.00634973045715,5.482211864426776,0.20141759999999997,178,46
822,40.10238871303983,5.22768703360723,0.200712,27,0
823,233.73442174975887,7.993397865148429,0.1995621333333334,118,0
824,154.73493312043163,9.656553322015332,0.19846453333333336,178,20
825,-8.624470256198782,8.660022338150585,0.19796800000000003,19,0
826,162.24084293613285,9.272664573349056,0.1979418666666667,62,0
827,45.51736952937671,9.919452482205195,0.19778506666666673,112,1
828,-97.7727553791465,9.04036099639123,0.19726240000000006,20,8
829,81.98839785017259,9.296898800178075,0.19582506666666666,82,6
830,7.67511827933458,8.962943907001584,0.19558986666666667,90,9
831,102.99751739800435,8.706488835374879,0.1953024,500,20
832,45.80915034917484,10.425034680860144,0.1942309333333333,41,2
833,-54.02545000639266,8.308452383297864,0.19407413333333334,67,11
834,124.39280976534972,9.762276155853893,0.19376053333333332,70,0
835,161.99380320221192,11.268926242012665,0.19342080000000006,147,3
836,-19.161421356237312,9.952780366105454,0.19336853333333337,2,0
837,-18.038672381343492,10.763015096369093,0.19331626666666668,17,1
838,46.880436871514235,11.608234436306253,0.1926629333333334,27,0
839,11.934215962881225,11.430670415440911,0.19255840000000002,29,4
840,58.33815025912128,10.853226358490678,0.19216640000000007,79,0
841,46.92839720620117,8.359671773301338,0.19109493333333338,114,4
842,-56.40179039422544,7.882296510046205,0.19083360000000005,70,11
843,22.406014043728756,8.308876048929971,0.18976213333333336,51,2
844,-14.486449510224602,7.919819757760223,0.18955306666666671,8,0
845,192.8227591249785,9.91008341698751,0.18848160000000003,90,0
846,-20.202825374924082,9.920392043797227,0.18832480000000007,6,0
847,-28.827131083091423,16.439795909253064,0.18751466666666672,31,5
848,-14.154862717754106,16.11504344063397,0.187384,5,0
849,31.378901104209834,16.62044666523844,0.18665226666666668,28,0
850,-433.0701206201731,12.256050895724034,0.18469226666666672,301,51
851,-897.7875354563349,1.9869462656117765,0.18424799999999997,303,97
852,178.35601141634356,3.914835853442836,0.1841434666666667,96,1
853,-177.1063475064248,1.3459739040894108,0.1840912,209,27
854,38.812673788550896,1.732187918093728,0.1833594666666667,28,0
855,88.36208620051119,3.2329690265818214,0.1831242666666667,43,0
856,48.422067023927795,3.5999434721104664,0.18262773333333338,28,0
857,-3.7193500325648117,3.0950811927080384,0.18189600000000006,86,7
858,32.20175997071473,2.752441200184177,0.18153013333333334,61,0
859,-19.161421356237312,2.2425523428768934,0.18147786666666665,2,0
860,168.00347471417527,6.16611228703735,0.17985760000000006,62,0
861,38.52379948130961,6.61286178106001,0.1792304,24,0
862,419.69105745658084,11.0902191818622,0.17889066666666664,222,2
863,48.60467322218368,16.64353540581459,0.17768853333333334,59,0
864,-21.58153501507894,16.531093167542235,0.1774272,10,0
865,0.8985786437626899,16.73517895397986,0.17727040000000005,6,0
866,278.03903510748324,19.18783423242955,0.17499680000000006,149,0
867,405.26275260583697,24.08339007272393,0.1740037333333333,330,12
868,-19.51,23.843361140535784,0.17397760000000007,1,0
869,29.086117464012883,23.69804025797972,0.17355946666666666,16,0
870,206.63387105145807,25.855251104449298,0.17112906666666672,412,25
871,-574.7916901279439,20.15547055198566,0.16971786666666666,202,45
872,-14.220000000000002,21.483046241252836,0.16966559999999997,2,0
873,66.31702984573744,22.042153733847208,0.16906453333333338,172,9
874,-737.7361117175055,13.605896166910606,0.16801920000000004,354,45
875,-16.667684886366494,13.317031503223413,0.16773173333333335,11,0
876,-632.1393115754283,6.495165723311291,0.16702613333333338,157,65
877,225.66610387189095,7.888108953898632,0.1654842666666667,160,0
878,241.4004486908156,7.784074887982306,0.1654842666666667,137,0
879,93.71211226320064,4.977494204723455,0.1651706666666667,71,1
880,86.33409608834789,4.711682374481221,0.1641514666666667,137,18
881,97.93344977768281,5.157497817922632,0.16370720000000005,68,0
882,82.95775707676744,5.878312030552277,0.16362880000000002,59,1
883,-14.780491834728767,3.611383031822422,0.16360266666666667,4,0
884,37.34692738472923,1.975454579444367,0.16242666666666672,45,0
885,-13.85360679774998,1.9857272175602156,0.16234826666666669,3,0
886,54.92022343715095,3.3848139820106438,0.16208693333333335,59,1
887,-19.161421356237312,2.9064427274520046,0.16203466666666666,2,0
888,78.49317269776441,7.391785634233909,0.16185173333333336,88,0
889,-5.032964508008499,7.203284416278574,0.16135520000000003,26,0
890,-130.95444576391287,5.296702694769421,0.16075413333333333,181,20
891,-1.9246364995755663,5.421778747268539,0.16036213333333338,15,0
892,-39.38355822834846,4.935022999809164,0.1602576,61,3
893,108.0673655241849,5.543409788991924,0.1600746666666667,87,2
894,18.911315170976135,7.02827527749475,0.15939520000000007,33,1
895,-79.62870442554335,6.2787593010511795,0.1588725333333334,95,4
896,44.42873533532165,6.8635111495066425,0.1586896,64,0
897,18.95,6.332142561903894,0.15829760000000004,15,1
898,134.37985276013828,7.823141089505276,0.15806240000000005,51,0
899,83.8303032333969,8.625658335401617,0.15790559999999998,83,6
900,-9.407870866461908,8.507325991732753,0.15790559999999998,6,0
901,2.8495963484626365,8.730914111326122,0.15712159999999997,30,0
902,-24.27342195905772,7.892056325178759,0.1568341333333334,41,2
903,-24.700822812316737,6.408698861617508,0.15571040000000003,121,17
904,24.36333105951284,6.849051527615399,0.15537066666666666,13,0
905,118.69463455136132,8.221903825393463,0.15524000000000004,117,1
906,-19.51,7.021616114539734,0.1552138666666667,1,0
907,6.490888831841659,7.2241872805183185,0.1550309333333334,69,3
908,-31.10326392662348,6.303107715051234,0.1544298666666667,36,9
909,-9.356449510224596,6.400743783028733,0.15403786666666663,15,0
910,69.71269502785253,7.245462484635053,0.15385493333333333,45,0
911,41.60492832037414,7.553030623307061,0.15367200000000003,59,2
912,35.93694464517881,7.0878140320215355,0.15312320000000001,21,1
913,42.343012004340125,7.524307476267982,0.1526266666666667,19,0
914,154.1356222010972,9.013643635014613,0.15124159999999998,107,4
915,77.29570862075231,9.871230218941427,0.15032693333333336,135,11
916,-14.280491834728767,9.870625300594142,0.15022239999999998,4,0
917,-12.98982379699876,7.828421791557978,0.15019626666666663,40,8
918,-19.161421356237312,7.829936005120353,0.1501701333333334,2,0
919,128.77479585256083,9.121714400506711,0.1489157333333333,314,26
920,-168.52734251780177,9.714006117553048,0.1487328,55,18
921,75.17746419791739,12.86584425683679,0.1483669333333334,70,0
922,-19.161421356237312,12.27320615614402,0.1483146666666667,2,0
923,25.649782181989263,10.192359760466324,0.14784426666666672,34,0
924,162.4568782788274,10.26957921205028,0.14528320000000006,139,9
925,-232.10188160456815,8.034805098566588,0.14517866666666668,120,27
926,-414.4504284740744,2.2678923844645174,0.14408106666666665,327,13
927,46.793265118998434,2.2806513403607327,0.1437413333333334,55,1
928,-6.946819777627498,3.188910696375922,0.14246080000000005,62,7
929,80.35336540429334,3.1725603719171294,0.14097120000000007,263,8
930,116.0465707254654,4.256274896378439,0.14091893333333338,167,3
931,19.35972426176286,3.4198969650160236,0.1406837333333334,11,0
932,-32.840988324248954,2.6333955782817866,0.1396645333333334,39,2
933,-19.67,2.976950078345713,0.13948159999999998,7,0
934,-19.23,1.5407219806922146,0.13940320000000006,3,0
935,72.17206302538946,0.6425045789239904,0.13838400000000006,97,3
936,-278.68438001578716,-1.9527250076715075,0.13467306666666667,347,24
937,207.05834774299393,0.2982451935718666,0.13268693333333337,257,13
938,356.19569304872186,3.3913977553439407,0.13224266666666673,235,9
939,14.203331059512838,3.4140889063102566,0.13200746666666674,9,0
940,-928.1536627158338,-6.450829223439293,0.13104053333333332,437,95
941,-99.40733258552989,-7.914186521356604,0.13098826666666674,141,25
942,-9.49426406871193,-7.44511125810147,0.13085760000000002,7,0
943,-20.048137889205016,-7.869652777430808,0.13083146666666667,6,0
944,-18.987649122254147,-7.914664773551103,0.13077919999999998,3,0
945,-8.815685424949239,-9.931049219050381,0.13070080000000006,5,0
946,-4.545247738169461,-9.774473442682833,0.13041333333333338,14,0
947,0.8119553847968923,-9.478082578003951,0.1301258666666667,11,0
948,174.20029795617467,-7.594530971264662,0.12983840000000002,109,1
949,91.89124502926713,-6.989407532014088,0.12926346666666666,55,0
950,-9.030000000000001,-2.7490063258123576,0.12918506666666674,3,0
951,118.0305856356854,7.409174885107843,0.12816586666666674,147,20
952,8.617689694970878,5.711791667894116,0.12803520000000002,80,4
953,-89.97824500105422,6.583072692947824,0.1274864,21,9
954,56.69530783753099,6.761899033437624,0.1268853333333334,23,0
955,-13.95426406871193,5.7387355307453936,0.12680693333333337,3,0
956,35.169661926561275,5.606211479771726,0.12667626666666665,57,4
957,-3.632134935173836,5.607083630745637,0.1265194666666667,6,0
958,74.07702864124394,6.0258363174509295,0.12523893333333336,60,0
959,268.06563985354467,8.89810692954875,0.1252128,152,1
960,152.65914552501374,8.744663637657133,0.1248469333333333,64,0
961,3.3848050821145534,8.393273693665183,0.124664,21,0
962,-13.830000000000002,4.058063119099371,0.12458560000000007,3,0
963,-103.70835982578224,2.5349327886197126,0.12419360000000002,25,10
964,-54.7533192985931,2.2032149457845702,0.12390613333333333,51,8
965,-141.1765507618301,0.7824636517286424,0.12385386666666665,229,19
966,-19.34,-2.1913266993461904,0.12374933333333338,4,0
967,107.1806410907063,-5.172147814497497,0.12278240000000007,69,0
968,9.800488347038215,-4.879042931027112,0.12249493333333339,11,1
969,96.10009760943886,-4.208903129572853,0.12215520000000002,67,1
970,-237.8264506626138,-8.653506346713574,0.11956800000000001,160,52
971,374.0460086447696,0.8348706410135617,0.11847039999999998,154,2
972,42.8870388699405,1.4059410297129689,0.11807840000000003,15,0
973,9.04136504826273,0.8331843817382202,0.11763413333333339,17,0
974,173.52233908700916,9.945768889783366,0.11708533333333337,95,0
975,413.3523320225478,14.245969058872511,0.11703306666666669,196,0
976,8.827203122966349,20.655634205856458,0.11685013333333338,30,0
977,106.66566813095407,19.465629848447087,0.11590933333333331,36,0
978,-289.0564098886306,14.161061262652625,0.11562186666666674,54,28
979,-14.440945949597499,13.079530680524647,0.11549120000000002,16,0
980,-18.716475360571902,12.029024966035449,0.1145765333333334,96,10
981,-16.900315256313696,10.880687315695482,0.112904,104,5
982,138.15635696591502,11.432673314586959,0.11219840000000003,91,0
983,711.8043279135644,18.69852151206989,0.1115189333333334,485,15
984,-457.32886375501647,13.751763600672431,0.11144053333333337,155,63
985,-19.51,13.695199668649934,0.11141440000000002,1,0
986,-15.2342135623731,12.993655298654694,0.11120533333333338,12,0
987,-68.1396418802072,12.503873093414994,0.11057813333333333,24,10
988,-14.282032791758287,11.576121038519767,0.11044746666666672,5,0
989,42.62655746473786,12.052716258247234,0.11044746666666672,37,1
990,68.9845367845077,14.052106083731438,0.10921920000000007,47,0
991,-39.63360679774998,13.675016380749694,0.10893173333333339,11,5
992,85.51674768043264,14.924019439837503,0.10890560000000005,59,1
993,-19.161421356237312,13.651731571033283,0.1088794666666667,2,0
994,-17.405492671018443,13.288563492613337,0.10882720000000001,129,19
995,4.477385333992363,14.129624390208694,0.10812160000000004,27,2
996,133.29935021450453,15.018330539000523,0.10728533333333334,61,0
997,21.075572809000104,15.039586267090526,0.1072592,33,0
998,20.568557010889197,13.901473309598034,0.1066581333333334,24,1
999,-7.633617621130265,12.986834101052764,0.10650133333333334,29,0
1000,-196.2358916871474,11.11855389284591,0.10647519999999999,246,57
